EQ_TYPE,SEGMENT,TASK,NEXT_CHANGE,SPEED,PEDESTRIAN,RELEV_VEHICLE,ACTIONS,ON_EQ
MAXMIN|MAXMIN|BOUNDARY,prep-left-turn,S_W,<10-Y/R,LOW  SPEED,NO  PEDESTRIAN,RL  0,acts-1,Y,0.00542699999999996
MAXMIN|MAXMIN|BOUNDARY,prep-left-turn,S_W,<10-Y/R,LOW  SPEED,NO  PEDESTRIAN,RL  0,acts-1,Y,0
MAXMIN|MAXMIN|BOUNDARY,prep-left-turn,S_W,<10-G,LOW  SPEED,NO  PEDESTRIAN,RL  0,acts-1,Y,0.00542699999999996
MAXMIN|MAXMIN|BOUNDARY,prep-left-turn,S_W,<10-G,LOW  SPEED,NO  PEDESTRIAN,RL  0,acts-1,Y,0
MAXMIN|MAXMIN|BOUNDARY,prep-left-turn,S_W,>EQ  10-Y/R,LOW  SPEED,PEDESTRIAN,  RL  <EQ  2,acts-2,Y,0.35432400000000003
MAXMIN|MAXMIN|BOUNDARY,prep-left-turn,S_W,>EQ  10-Y/R,LOW  SPEED,PEDESTRIAN,  RL  <EQ  2,acts-2,Y,0.35432400000000003
MAXMIN|MAXMIN|BOUNDARY,prep-left-turn,S_W,>EQ  10-Y/R,LOW  SPEED,PEDESTRIAN,  RL  <EQ  2,acts-2,Y,0.0095019999999999
MAXMIN|MAXMIN|BOUNDARY,prep-left-turn,S_W,>EQ  10-Y/R,LOW  SPEED,PEDESTRIAN,  RL  <EQ  2,acts-2,Y,0.0095019999999999
MAXMIN|MAXMIN|BOUNDARY,prep-left-turn,S_W,>EQ  10-Y/R,LOW  SPEED,PEDESTRIAN,  RL  >  2,acts-2,Y,0.03610199999999997
MAXMIN|MAXMIN|BOUNDARY,prep-left-turn,S_W,>EQ  10-Y/R,LOW  SPEED,PEDESTRIAN,  RL  >  2,acts-2,Y,0.03610199999999997
MAXMIN|MAXMIN|BOUNDARY,prep-left-turn,S_W,>EQ  10-Y/R,LOW  SPEED,NO  PEDESTRIAN,RL  0,acts-1,Y,0
MAXMIN|MAXMIN|BOUNDARY,prep-left-turn,S_W,>EQ  10-Y/R,LOW  SPEED,NO  PEDESTRIAN,RL  0,acts-1,Y,0
MAXMIN|MAXMIN|BOUNDARY,prep-left-turn,S_W,>EQ  10-Y/R,LOW  SPEED,NO  PEDESTRIAN,RL  0,acts-1,Y,0.007330999999999976
MAXMIN|MAXMIN|BOUNDARY,prep-left-turn,S_W,>EQ  10-Y/R,LOW  SPEED,NO  PEDESTRIAN,RL  0,acts-1,Y,0.013502000000000014
MAXMIN|MAXMIN|BOUNDARY,prep-left-turn,S_W,>EQ  10-G,LOW  SPEED,PEDESTRIAN,  RL  <EQ  2,acts-2,Y,0.35432400000000003
MAXMIN|MAXMIN|BOUNDARY,prep-left-turn,S_W,>EQ  10-G,LOW  SPEED,PEDESTRIAN,  RL  <EQ  2,acts-2,Y,0.35432400000000003
MAXMIN|MAXMIN|BOUNDARY,prep-left-turn,S_W,>EQ  10-G,LOW  SPEED,PEDESTRIAN,  RL  <EQ  2,acts-2,Y,0.0095019999999999
MAXMIN|MAXMIN|BOUNDARY,prep-left-turn,S_W,>EQ  10-G,LOW  SPEED,PEDESTRIAN,  RL  <EQ  2,acts-2,Y,0.0095019999999999
MAXMIN|MAXMIN|BOUNDARY,prep-left-turn,S_W,>EQ  10-G,LOW  SPEED,PEDESTRIAN,  RL  >  2,acts-2,Y,0.03610199999999997
MAXMIN|MAXMIN|BOUNDARY,prep-left-turn,S_W,>EQ  10-G,LOW  SPEED,PEDESTRIAN,  RL  >  2,acts-2,Y,0.03610199999999997
MAXMIN|MAXMIN|BOUNDARY,prep-left-turn,S_W,>EQ  10-G,LOW  SPEED,NO  PEDESTRIAN,RL  0,acts-1,Y,0
MAXMIN|MAXMIN|BOUNDARY,prep-left-turn,S_W,>EQ  10-G,LOW  SPEED,NO  PEDESTRIAN,RL  0,acts-1,Y,0
MAXMIN|MAXMIN|BOUNDARY,prep-left-turn,S_W,>EQ  10-G,LOW  SPEED,NO  PEDESTRIAN,RL  0,acts-1,Y,0.007330999999999976
MAXMIN|MAXMIN|BOUNDARY,prep-left-turn,S_W,>EQ  10-G,LOW  SPEED,NO  PEDESTRIAN,RL  0,acts-1,Y,0.013502000000000014
MAXMIN|MAXMIN|BOUNDARY,prep-left-turn,N_E,>EQ  10-Y/R,LOW  SPEED,NO  PEDESTRIAN,RL  0,acts-1,Y,0.0034290000000000154
MAXMIN|MAXMIN|BOUNDARY,prep-left-turn,N_E,>EQ  10-Y/R,LOW  SPEED,NO  PEDESTRIAN,RL  0,acts-1,Y,0.008551000000000086
MAXMIN|MAXMIN|BOUNDARY,prep-left-turn,N_E,>EQ  10-Y/R,LOW  SPEED,NO  PEDESTRIAN,RL  0,acts-1,Y,0.08856900000000001
MAXMIN|MAXMIN|BOUNDARY,prep-left-turn,N_E,>EQ  10-Y/R,LOW  SPEED,NO  PEDESTRIAN,RL  0,acts-1,N,0.08732200000000001
MAXMIN|MAXMIN|BOUNDARY,prep-left-turn,N_E,>EQ  10-Y/R,LOW  SPEED,NO  PEDESTRIAN,RL  0,acts-1,N,0.08405099999999999
MAXMIN|MAXMIN|BOUNDARY,prep-left-turn,N_E,>EQ  10-Y/R,LOW  SPEED,NO  PEDESTRIAN,RL  0,acts-1,N,0.07563500000000001
MAXMIN|MAXMIN|BOUNDARY,prep-left-turn,N_E,>EQ  10-G,LOW  SPEED,NO  PEDESTRIAN,RL  0,acts-1,Y,0.0034290000000000154
MAXMIN|MAXMIN|BOUNDARY,prep-left-turn,N_E,>EQ  10-G,LOW  SPEED,NO  PEDESTRIAN,RL  0,acts-1,Y,0.008551000000000086
MAXMIN|MAXMIN|BOUNDARY,prep-left-turn,N_E,>EQ  10-G,LOW  SPEED,NO  PEDESTRIAN,RL  0,acts-1,Y,0.08856900000000001
MAXMIN|MAXMIN|BOUNDARY,prep-left-turn,N_E,>EQ  10-G,LOW  SPEED,NO  PEDESTRIAN,RL  0,acts-1,N,0.08732200000000001
MAXMIN|MAXMIN|BOUNDARY,prep-left-turn,N_E,>EQ  10-G,LOW  SPEED,NO  PEDESTRIAN,RL  0,acts-1,N,0.08405099999999999
MAXMIN|MAXMIN|BOUNDARY,prep-left-turn,N_E,>EQ  10-G,LOW  SPEED,NO  PEDESTRIAN,RL  0,acts-1,N,0.07563500000000001
MAXMIN|MAXMIN|BOUNDARY,prep-left-turn,W_N,<10-Y/R,LOW  SPEED,NO  PEDESTRIAN,  RL  <EQ  2,acts-1,N,0.10184499999999996
MAXMIN|MAXMIN|BOUNDARY,prep-left-turn,W_N,<10-Y/R,LOW  SPEED,NO  PEDESTRIAN,  RL  <EQ  2,acts-1,Y,0.511458
MAXMIN|MAXMIN|BOUNDARY,prep-left-turn,W_N,<10-Y/R,LOW  SPEED,NO  PEDESTRIAN,  RL  <EQ  2,acts-1,Y,0.409435
MAXMIN|MAXMIN|BOUNDARY,prep-left-turn,W_N,<10-Y/R,LOW  SPEED,NO  PEDESTRIAN,  RL  >  2,acts-1,Y,0.49337000000000003
MAXMIN|MAXMIN|BOUNDARY,prep-left-turn,W_N,<10-G,LOW  SPEED,NO  PEDESTRIAN,  RL  <EQ  2,acts-1,N,0.10184499999999996
MAXMIN|MAXMIN|BOUNDARY,prep-left-turn,W_N,<10-G,LOW  SPEED,NO  PEDESTRIAN,  RL  <EQ  2,acts-1,Y,0.511458
MAXMIN|MAXMIN|BOUNDARY,prep-left-turn,W_N,<10-G,LOW  SPEED,NO  PEDESTRIAN,  RL  <EQ  2,acts-1,Y,0.409435
MAXMIN|MAXMIN|BOUNDARY,prep-left-turn,W_N,<10-G,LOW  SPEED,NO  PEDESTRIAN,  RL  >  2,acts-1,Y,0.49337000000000003
MAXMIN|MAXMIN|BOUNDARY,prep-left-turn,W_N,>EQ  10-Y/R,LOW  SPEED,NO  PEDESTRIAN,RL  0,acts-1,Y,0
MAXMIN|MAXMIN|BOUNDARY,prep-left-turn,W_N,>EQ  10-Y/R,LOW  SPEED,NO  PEDESTRIAN,  RL  <EQ  2,acts-1,N,0.017940999999999985
MAXMIN|MAXMIN|BOUNDARY,prep-left-turn,W_N,>EQ  10-Y/R,LOW  SPEED,NO  PEDESTRIAN,  RL  <EQ  2,acts-1,N,0.02467999999999998
MAXMIN|MAXMIN|BOUNDARY,prep-left-turn,W_N,>EQ  10-Y/R,LOW  SPEED,NO  PEDESTRIAN,  RL  <EQ  2,acts-1,N,0.033187999999999995
MAXMIN|MAXMIN|BOUNDARY,prep-left-turn,W_N,>EQ  10-Y/R,LOW  SPEED,NO  PEDESTRIAN,  RL  <EQ  2,acts-1,N,0.275132
MAXMIN|MAXMIN|BOUNDARY,prep-left-turn,W_N,>EQ  10-Y/R,LOW  SPEED,NO  PEDESTRIAN,  RL  <EQ  2,acts-1,N,0.027444999999999997
MAXMIN|MAXMIN|BOUNDARY,prep-left-turn,W_N,>EQ  10-Y/R,LOW  SPEED,NO  PEDESTRIAN,  RL  >  2,acts-1,Y,0.04943700000000001
MAXMIN|MAXMIN|BOUNDARY,prep-left-turn,W_N,>EQ  10-Y/R,LOW  SPEED,NO  PEDESTRIAN,  RL  >  2,acts-1,Y,0
MAXMIN|MAXMIN|BOUNDARY,prep-left-turn,W_N,>EQ  10-Y/R,LOW  SPEED,NO  PEDESTRIAN,  RL  >  2,acts-1,Y,0.014778999999999987
MAXMIN|MAXMIN|BOUNDARY,prep-left-turn,W_N,>EQ  10-Y/R,LOW  SPEED,NO  PEDESTRIAN,  RL  >  2,acts-1,N,0.027388000000000023
MAXMIN|MAXMIN|BOUNDARY,prep-left-turn,W_N,>EQ  10-Y/R,LOW  SPEED,NO  PEDESTRIAN,  RL  >  2,acts-1,N,0.18909000000000004
MAXMIN|MAXMIN|BOUNDARY,prep-left-turn,W_N,>EQ  10-Y/R,LOW  SPEED,NO  PEDESTRIAN,  RL  >  2,acts-1,N,0.029044000000000014
MAXMIN|MAXMIN|BOUNDARY,prep-left-turn,W_N,>EQ  10-Y/R,LOW  SPEED,NO  PEDESTRIAN,  RL  >  2,acts-1,N,0.013819999999999999
MAXMIN|MAXMIN|BOUNDARY,prep-left-turn,W_N,>EQ  10-Y/R,LOW  SPEED,NO  PEDESTRIAN,  RL  >  2,acts-1,N,0.03411400000000003
MAXMIN|MAXMIN|BOUNDARY,prep-left-turn,W_N,>EQ  10-Y/R,LOW  SPEED,NO  PEDESTRIAN,  RL  >  2,acts-1,N,0.02130500000000002
MAXMIN|MAXMIN|BOUNDARY,prep-left-turn,W_N,>EQ  10-Y/R,LOW  SPEED,NO  PEDESTRIAN,  RL  >  2,acts-1,N,0.057923999999999976
MAXMIN|MAXMIN|BOUNDARY,prep-left-turn,W_N,>EQ  10-Y/R,LOW  SPEED,NO  PEDESTRIAN,  RL  >  2,acts-1,N,0.106402
MAXMIN|MAXMIN|BOUNDARY,prep-left-turn,W_N,>EQ  10-Y/R,LOW  SPEED,NO  PEDESTRIAN,  RL  >  2,acts-1,N,0.02602199999999999
MAXMIN|MAXMIN|BOUNDARY,prep-left-turn,W_N,>EQ  10-G,LOW  SPEED,NO  PEDESTRIAN,RL  0,acts-1,Y,0
MAXMIN|MAXMIN|BOUNDARY,prep-left-turn,W_N,>EQ  10-G,LOW  SPEED,NO  PEDESTRIAN,  RL  <EQ  2,acts-1,N,0.017940999999999985
MAXMIN|MAXMIN|BOUNDARY,prep-left-turn,W_N,>EQ  10-G,LOW  SPEED,NO  PEDESTRIAN,  RL  <EQ  2,acts-1,N,0.02467999999999998
MAXMIN|MAXMIN|BOUNDARY,prep-left-turn,W_N,>EQ  10-G,LOW  SPEED,NO  PEDESTRIAN,  RL  <EQ  2,acts-1,N,0.033187999999999995
MAXMIN|MAXMIN|BOUNDARY,prep-left-turn,W_N,>EQ  10-G,LOW  SPEED,NO  PEDESTRIAN,  RL  <EQ  2,acts-1,N,0.275132
MAXMIN|MAXMIN|BOUNDARY,prep-left-turn,W_N,>EQ  10-G,LOW  SPEED,NO  PEDESTRIAN,  RL  <EQ  2,acts-1,N,0.027444999999999997
MAXMIN|MAXMIN|BOUNDARY,prep-left-turn,W_N,>EQ  10-G,LOW  SPEED,NO  PEDESTRIAN,  RL  >  2,acts-1,Y,0.04943700000000001
MAXMIN|MAXMIN|BOUNDARY,prep-left-turn,W_N,>EQ  10-G,LOW  SPEED,NO  PEDESTRIAN,  RL  >  2,acts-1,Y,0
MAXMIN|MAXMIN|BOUNDARY,prep-left-turn,W_N,>EQ  10-G,LOW  SPEED,NO  PEDESTRIAN,  RL  >  2,acts-1,Y,0.014778999999999987
MAXMIN|MAXMIN|BOUNDARY,prep-left-turn,W_N,>EQ  10-G,LOW  SPEED,NO  PEDESTRIAN,  RL  >  2,acts-1,N,0.027388000000000023
MAXMIN|MAXMIN|BOUNDARY,prep-left-turn,W_N,>EQ  10-G,LOW  SPEED,NO  PEDESTRIAN,  RL  >  2,acts-1,N,0.18909000000000004
MAXMIN|MAXMIN|BOUNDARY,prep-left-turn,W_N,>EQ  10-G,LOW  SPEED,NO  PEDESTRIAN,  RL  >  2,acts-1,N,0.029044000000000014
MAXMIN|MAXMIN|BOUNDARY,prep-left-turn,W_N,>EQ  10-G,LOW  SPEED,NO  PEDESTRIAN,  RL  >  2,acts-1,N,0.013819999999999999
MAXMIN|MAXMIN|BOUNDARY,prep-left-turn,W_N,>EQ  10-G,LOW  SPEED,NO  PEDESTRIAN,  RL  >  2,acts-1,N,0.03411400000000003
MAXMIN|MAXMIN|BOUNDARY,prep-left-turn,W_N,>EQ  10-G,LOW  SPEED,NO  PEDESTRIAN,  RL  >  2,acts-1,N,0.02130500000000002
MAXMIN|MAXMIN|BOUNDARY,prep-left-turn,W_N,>EQ  10-G,LOW  SPEED,NO  PEDESTRIAN,  RL  >  2,acts-1,N,0.057923999999999976
MAXMIN|MAXMIN|BOUNDARY,prep-left-turn,W_N,>EQ  10-G,LOW  SPEED,NO  PEDESTRIAN,  RL  >  2,acts-1,N,0.106402
MAXMIN|MAXMIN|BOUNDARY,prep-left-turn,W_N,>EQ  10-G,LOW  SPEED,NO  PEDESTRIAN,  RL  >  2,acts-1,N,0.02602199999999999
MAXMIN|MAXMIN|BOUNDARY,prep-left-turn,E_S,<10-Y/R,LOW  SPEED,NO  PEDESTRIAN,  RL  <EQ  2,acts-1,Y,0.03490900000000008
MAXMIN|MAXMIN|BOUNDARY,prep-left-turn,E_S,<10-Y/R,LOW  SPEED,NO  PEDESTRIAN,  RL  <EQ  2,acts-1,Y,0.5284530000000001
MAXMIN|MAXMIN|BOUNDARY,prep-left-turn,E_S,<10-Y/R,LOW  SPEED,NO  PEDESTRIAN,  RL  <EQ  2,acts-1,Y,0.51013
MAXMIN|MAXMIN|BOUNDARY,prep-left-turn,E_S,<10-Y/R,LOW  SPEED,NO  PEDESTRIAN,  RL  <EQ  2,acts-1,Y,0.0
MAXMIN|MAXMIN|BOUNDARY,prep-left-turn,E_S,<10-Y/R,LOW  SPEED,NO  PEDESTRIAN,  RL  <EQ  2,acts-1,Y,0.160817
MAXMIN|MAXMIN|BOUNDARY,prep-left-turn,E_S,<10-Y/R,LOW  SPEED,NO  PEDESTRIAN,  RL  <EQ  2,acts-3,N,0
MAXMIN|MAXMIN|BOUNDARY,prep-left-turn,E_S,<10-Y/R,LOW  SPEED,NO  PEDESTRIAN,  RL  <EQ  2,acts-3,Y,0
MAXMIN|MAXMIN|BOUNDARY,prep-left-turn,E_S,<10-Y/R,LOW  SPEED,NO  PEDESTRIAN,  RL  <EQ  2,acts-3,N,0
MAXMIN|MAXMIN|BOUNDARY,prep-left-turn,E_S,<10-Y/R,LOW  SPEED,NO  PEDESTRIAN,  RL  >  2,acts-1,N,0.10471600000000003
MAXMIN|MAXMIN|BOUNDARY,prep-left-turn,E_S,<10-Y/R,LOW  SPEED,NO  PEDESTRIAN,  RL  >  2,acts-1,N,0.19480499999999995
MAXMIN|MAXMIN|BOUNDARY,prep-left-turn,E_S,<10-Y/R,LOW  SPEED,NO  PEDESTRIAN,  RL  >  2,acts-1,N,0.07832499999999998
MAXMIN|MAXMIN|BOUNDARY,prep-left-turn,E_S,<10-G,LOW  SPEED,NO  PEDESTRIAN,  RL  <EQ  2,acts-1,Y,0.03490900000000008
MAXMIN|MAXMIN|BOUNDARY,prep-left-turn,E_S,<10-G,LOW  SPEED,NO  PEDESTRIAN,  RL  <EQ  2,acts-1,Y,0.5284530000000001
MAXMIN|MAXMIN|BOUNDARY,prep-left-turn,E_S,<10-G,LOW  SPEED,NO  PEDESTRIAN,  RL  <EQ  2,acts-1,Y,0.51013
MAXMIN|MAXMIN|BOUNDARY,prep-left-turn,E_S,<10-G,LOW  SPEED,NO  PEDESTRIAN,  RL  <EQ  2,acts-1,Y,0.0
MAXMIN|MAXMIN|BOUNDARY,prep-left-turn,E_S,<10-G,LOW  SPEED,NO  PEDESTRIAN,  RL  <EQ  2,acts-1,Y,0.160817
MAXMIN|MAXMIN|BOUNDARY,prep-left-turn,E_S,<10-G,LOW  SPEED,NO  PEDESTRIAN,  RL  <EQ  2,acts-3,N,0
MAXMIN|MAXMIN|BOUNDARY,prep-left-turn,E_S,<10-G,LOW  SPEED,NO  PEDESTRIAN,  RL  <EQ  2,acts-3,Y,0
MAXMIN|MAXMIN|BOUNDARY,prep-left-turn,E_S,<10-G,LOW  SPEED,NO  PEDESTRIAN,  RL  <EQ  2,acts-3,N,0
MAXMIN|MAXMIN|BOUNDARY,prep-left-turn,E_S,<10-G,LOW  SPEED,NO  PEDESTRIAN,  RL  >  2,acts-1,N,0.10471600000000003
MAXMIN|MAXMIN|BOUNDARY,prep-left-turn,E_S,<10-G,LOW  SPEED,NO  PEDESTRIAN,  RL  >  2,acts-1,N,0.19480499999999995
MAXMIN|MAXMIN|BOUNDARY,prep-left-turn,E_S,<10-G,LOW  SPEED,NO  PEDESTRIAN,  RL  >  2,acts-1,N,0.07832499999999998
MAXMIN|MAXMIN|BOUNDARY,prep-left-turn,E_S,>EQ  10-Y/R,LOW  SPEED,PEDESTRIAN,RL  0,acts-2,Y,0.00037199999999992794
MAXMIN|MAXMIN|BOUNDARY,prep-left-turn,E_S,>EQ  10-Y/R,LOW  SPEED,PEDESTRIAN,RL  0,acts-2,Y,0
MAXMIN|MAXMIN|BOUNDARY,prep-left-turn,E_S,>EQ  10-Y/R,LOW  SPEED,NO  PEDESTRIAN,RL  0,acts-1,Y,0
MAXMIN|MAXMIN|BOUNDARY,prep-left-turn,E_S,>EQ  10-G,LOW  SPEED,PEDESTRIAN,RL  0,acts-2,Y,0.00037199999999992794
MAXMIN|MAXMIN|BOUNDARY,prep-left-turn,E_S,>EQ  10-G,LOW  SPEED,PEDESTRIAN,RL  0,acts-2,Y,0
MAXMIN|MAXMIN|BOUNDARY,prep-left-turn,E_S,>EQ  10-G,LOW  SPEED,NO  PEDESTRIAN,RL  0,acts-1,Y,0
MAXMIN|MAXMIN|BOUNDARY,exec-left-turn,S_W,<10-Y/R,LOW  SPEED,PEDESTRIAN,RL  0,acts-2,Y,0
MAXMIN|MAXMIN|BOUNDARY,exec-left-turn,S_W,<10-Y/R,LOW  SPEED,PEDESTRIAN,  RL  <EQ  2,acts-2,Y,0
MAXMIN|MAXMIN|BOUNDARY,exec-left-turn,S_W,<10-Y/R,LOW  SPEED,PEDESTRIAN,  RL  >  2,acts-2,Y,0.00045400000000006546
MAXMIN|MAXMIN|BOUNDARY,exec-left-turn,S_W,<10-Y/R,LOW  SPEED,NO  PEDESTRIAN,RL  0,acts-1,Y,0
MAXMIN|MAXMIN|BOUNDARY,exec-left-turn,S_W,<10-Y/R,LOW  SPEED,NO  PEDESTRIAN,RL  0,acts-1,Y,0
MAXMIN|MAXMIN|BOUNDARY,exec-left-turn,S_W,<10-Y/R,LOW  SPEED,NO  PEDESTRIAN,RL  0,acts-4,Y,0
MAXMIN|MAXMIN|BOUNDARY,exec-left-turn,S_W,<10-Y/R,LOW  SPEED,NO  PEDESTRIAN,RL  0,acts-4,Y,0
MAXMIN|MAXMIN|BOUNDARY,exec-left-turn,S_W,<10-Y/R,MEDIUM  SPEED,NO  PEDESTRIAN,RL  0,acts-1,Y,0
MAXMIN|MAXMIN|BOUNDARY,exec-left-turn,S_W,<10-G,LOW  SPEED,PEDESTRIAN,RL  0,acts-2,Y,0
MAXMIN|MAXMIN|BOUNDARY,exec-left-turn,S_W,<10-G,LOW  SPEED,PEDESTRIAN,  RL  <EQ  2,acts-2,Y,0
MAXMIN|MAXMIN|BOUNDARY,exec-left-turn,S_W,<10-G,LOW  SPEED,PEDESTRIAN,  RL  >  2,acts-2,Y,0.00045400000000006546
MAXMIN|MAXMIN|BOUNDARY,exec-left-turn,S_W,<10-G,LOW  SPEED,NO  PEDESTRIAN,RL  0,acts-1,Y,0
MAXMIN|MAXMIN|BOUNDARY,exec-left-turn,S_W,<10-G,LOW  SPEED,NO  PEDESTRIAN,RL  0,acts-1,Y,0
MAXMIN|MAXMIN|BOUNDARY,exec-left-turn,S_W,<10-G,MEDIUM  SPEED,NO  PEDESTRIAN,RL  0,acts-1,Y,0
MAXMIN|MAXMIN|BOUNDARY,exec-left-turn,S_W,>EQ  10-Y/R,LOW  SPEED,PEDESTRIAN,  RL  <EQ  2,acts-2,N,0.003518000000000021
MAXMIN|MAXMIN|BOUNDARY,exec-left-turn,S_W,>EQ  10-Y/R,LOW  SPEED,PEDESTRIAN,  RL  <EQ  2,acts-2,N,0.003518000000000021
MAXMIN|MAXMIN|BOUNDARY,exec-left-turn,S_W,>EQ  10-Y/R,LOW  SPEED,PEDESTRIAN,  RL  >  2,acts-2,N,0.003029999999999977
MAXMIN|MAXMIN|BOUNDARY,exec-left-turn,S_W,>EQ  10-Y/R,LOW  SPEED,PEDESTRIAN,  RL  >  2,acts-2,N,0.003029999999999977
MAXMIN|MAXMIN|BOUNDARY,exec-left-turn,S_W,>EQ  10-Y/R,LOW  SPEED,PEDESTRIAN,  RL  >  2,acts-2,N,0
MAXMIN|MAXMIN|BOUNDARY,exec-left-turn,S_W,>EQ  10-Y/R,LOW  SPEED,PEDESTRIAN,  RL  >  2,acts-2,Y,0.17220099999999994
MAXMIN|MAXMIN|BOUNDARY,exec-left-turn,S_W,>EQ  10-Y/R,LOW  SPEED,PEDESTRIAN,  RL  >  2,acts-2,Y,0.082698
MAXMIN|MAXMIN|BOUNDARY,exec-left-turn,S_W,>EQ  10-Y/R,LOW  SPEED,PEDESTRIAN,  RL  >  2,acts-2,Y,0.00036399999999997545
MAXMIN|MAXMIN|BOUNDARY,exec-left-turn,S_W,>EQ  10-Y/R,LOW  SPEED,NO  PEDESTRIAN,RL  0,acts-1,Y,0
MAXMIN|MAXMIN|BOUNDARY,exec-left-turn,S_W,>EQ  10-Y/R,MEDIUM  SPEED,NO  PEDESTRIAN,RL  0,acts-1,Y,0
MAXMIN|MAXMIN|BOUNDARY,exec-left-turn,S_W,>EQ  10-G,LOW  SPEED,PEDESTRIAN,  RL  <EQ  2,acts-2,N,0.003518000000000021
MAXMIN|MAXMIN|BOUNDARY,exec-left-turn,S_W,>EQ  10-G,LOW  SPEED,PEDESTRIAN,  RL  <EQ  2,acts-2,N,0.003518000000000021
MAXMIN|MAXMIN|BOUNDARY,exec-left-turn,S_W,>EQ  10-G,LOW  SPEED,PEDESTRIAN,  RL  >  2,acts-2,N,0.003029999999999977
MAXMIN|MAXMIN|BOUNDARY,exec-left-turn,S_W,>EQ  10-G,LOW  SPEED,PEDESTRIAN,  RL  >  2,acts-2,N,0.003029999999999977
MAXMIN|MAXMIN|BOUNDARY,exec-left-turn,S_W,>EQ  10-G,LOW  SPEED,PEDESTRIAN,  RL  >  2,acts-2,N,0
MAXMIN|MAXMIN|BOUNDARY,exec-left-turn,S_W,>EQ  10-G,LOW  SPEED,PEDESTRIAN,  RL  >  2,acts-2,Y,0.17220099999999994
MAXMIN|MAXMIN|BOUNDARY,exec-left-turn,S_W,>EQ  10-G,LOW  SPEED,PEDESTRIAN,  RL  >  2,acts-2,Y,0.082698
MAXMIN|MAXMIN|BOUNDARY,exec-left-turn,S_W,>EQ  10-G,LOW  SPEED,PEDESTRIAN,  RL  >  2,acts-2,Y,0.00036399999999997545
MAXMIN|MAXMIN|BOUNDARY,exec-left-turn,S_W,>EQ  10-G,LOW  SPEED,NO  PEDESTRIAN,RL  0,acts-1,Y,0
MAXMIN|MAXMIN|BOUNDARY,exec-left-turn,S_W,>EQ  10-G,MEDIUM  SPEED,NO  PEDESTRIAN,RL  0,acts-1,Y,0
MAXMIN|MAXMIN|BOUNDARY,exec-left-turn,N_E,<10-Y/R,LOW  SPEED,NO  PEDESTRIAN,RL  0,acts-1,N,0.08568500000000001
MAXMIN|MAXMIN|BOUNDARY,exec-left-turn,N_E,<10-Y/R,LOW  SPEED,NO  PEDESTRIAN,RL  0,acts-1,N,0.07893500000000009
MAXMIN|MAXMIN|BOUNDARY,exec-left-turn,N_E,<10-Y/R,LOW  SPEED,NO  PEDESTRIAN,RL  0,acts-1,N,0.08125300000000002
MAXMIN|MAXMIN|BOUNDARY,exec-left-turn,N_E,<10-Y/R,LOW  SPEED,NO  PEDESTRIAN,RL  0,acts-1,Y,0.007573000000000052
MAXMIN|MAXMIN|BOUNDARY,exec-left-turn,N_E,<10-Y/R,LOW  SPEED,NO  PEDESTRIAN,RL  0,acts-1,N,0.09107600000000005
MAXMIN|MAXMIN|BOUNDARY,exec-left-turn,N_E,<10-Y/R,LOW  SPEED,NO  PEDESTRIAN,RL  0,acts-1,N,0.09694599999999998
MAXMIN|MAXMIN|BOUNDARY,exec-left-turn,N_E,<10-Y/R,LOW  SPEED,NO  PEDESTRIAN,RL  0,acts-1,Y,0.01222600000000007
MAXMIN|MAXMIN|BOUNDARY,exec-left-turn,N_E,<10-Y/R,LOW  SPEED,NO  PEDESTRIAN,RL  0,acts-1,Y,0.0033560000000000256
MAXMIN|MAXMIN|BOUNDARY,exec-left-turn,N_E,<10-Y/R,LOW  SPEED,NO  PEDESTRIAN,RL  0,acts-1,Y,0
MAXMIN|MAXMIN|BOUNDARY,exec-left-turn,N_E,<10-Y/R,LOW  SPEED,NO  PEDESTRIAN,RL  0,acts-1,N,0
MAXMIN|MAXMIN|BOUNDARY,exec-left-turn,N_E,<10-Y/R,LOW  SPEED,NO  PEDESTRIAN,RL  0,acts-1,Y,0
MAXMIN|MAXMIN|BOUNDARY,exec-left-turn,N_E,<10-Y/R,LOW  SPEED,NO  PEDESTRIAN,RL  0,acts-4,Y,0
MAXMIN|MAXMIN|BOUNDARY,exec-left-turn,N_E,<10-Y/R,LOW  SPEED,NO  PEDESTRIAN,RL  0,acts-4,Y,0.003855000000000053
MAXMIN|MAXMIN|BOUNDARY,exec-left-turn,N_E,<10-Y/R,LOW  SPEED,NO  PEDESTRIAN,RL  0,acts-4,N,0
MAXMIN|MAXMIN|BOUNDARY,exec-left-turn,N_E,<10-Y/R,LOW  SPEED,NO  PEDESTRIAN,RL  0,acts-4,N,0.002571000000000101
MAXMIN|MAXMIN|BOUNDARY,exec-left-turn,N_E,<10-Y/R,LOW  SPEED,NO  PEDESTRIAN,RL  0,acts-4,N,0
MAXMIN|MAXMIN|BOUNDARY,exec-left-turn,N_E,<10-Y/R,LOW  SPEED,NO  PEDESTRIAN,RL  0,acts-4,Y,0
MAXMIN|MAXMIN|BOUNDARY,exec-left-turn,N_E,<10-Y/R,LOW  SPEED,NO  PEDESTRIAN,RL  0,acts-4,Y,0
MAXMIN|MAXMIN|BOUNDARY,exec-left-turn,N_E,<10-Y/R,LOW  SPEED,NO  PEDESTRIAN,RL  0,acts-4,Y,0
MAXMIN|MAXMIN|BOUNDARY,exec-left-turn,N_E,<10-Y/R,LOW  SPEED,NO  PEDESTRIAN,RL  0,acts-4,Y,0
MAXMIN|MAXMIN|BOUNDARY,exec-left-turn,N_E,<10-Y/R,MEDIUM  SPEED,NO  PEDESTRIAN,RL  0,acts-1,Y,0
MAXMIN|MAXMIN|BOUNDARY,exec-left-turn,N_E,<10-G,LOW  SPEED,NO  PEDESTRIAN,RL  0,acts-1,N,0.08568500000000001
MAXMIN|MAXMIN|BOUNDARY,exec-left-turn,N_E,<10-G,LOW  SPEED,NO  PEDESTRIAN,RL  0,acts-1,N,0.07893500000000009
MAXMIN|MAXMIN|BOUNDARY,exec-left-turn,N_E,<10-G,LOW  SPEED,NO  PEDESTRIAN,RL  0,acts-1,N,0.08125300000000002
MAXMIN|MAXMIN|BOUNDARY,exec-left-turn,N_E,<10-G,LOW  SPEED,NO  PEDESTRIAN,RL  0,acts-1,Y,0.007573000000000052
MAXMIN|MAXMIN|BOUNDARY,exec-left-turn,N_E,<10-G,LOW  SPEED,NO  PEDESTRIAN,RL  0,acts-1,N,0.09107600000000005
MAXMIN|MAXMIN|BOUNDARY,exec-left-turn,N_E,<10-G,LOW  SPEED,NO  PEDESTRIAN,RL  0,acts-1,N,0.09694599999999998
MAXMIN|MAXMIN|BOUNDARY,exec-left-turn,N_E,<10-G,LOW  SPEED,NO  PEDESTRIAN,RL  0,acts-1,Y,0.01222600000000007
MAXMIN|MAXMIN|BOUNDARY,exec-left-turn,N_E,<10-G,LOW  SPEED,NO  PEDESTRIAN,RL  0,acts-1,Y,0.0033560000000000256
MAXMIN|MAXMIN|BOUNDARY,exec-left-turn,N_E,<10-G,LOW  SPEED,NO  PEDESTRIAN,RL  0,acts-1,Y,0
MAXMIN|MAXMIN|BOUNDARY,exec-left-turn,N_E,<10-G,LOW  SPEED,NO  PEDESTRIAN,RL  0,acts-1,N,0
MAXMIN|MAXMIN|BOUNDARY,exec-left-turn,N_E,<10-G,LOW  SPEED,NO  PEDESTRIAN,RL  0,acts-1,Y,0
MAXMIN|MAXMIN|BOUNDARY,exec-left-turn,N_E,<10-G,MEDIUM  SPEED,NO  PEDESTRIAN,RL  0,acts-1,Y,0
MAXMIN|MAXMIN|BOUNDARY,exec-left-turn,N_E,>EQ  10-Y/R,LOW  SPEED,NO  PEDESTRIAN,RL  0,acts-1,Y,0
MAXMIN|MAXMIN|BOUNDARY,exec-left-turn,N_E,>EQ  10-Y/R,LOW  SPEED,NO  PEDESTRIAN,RL  0,acts-1,Y,0
MAXMIN|MAXMIN|BOUNDARY,exec-left-turn,N_E,>EQ  10-Y/R,LOW  SPEED,NO  PEDESTRIAN,RL  0,acts-1,Y,0.00012799999999990597
MAXMIN|MAXMIN|BOUNDARY,exec-left-turn,N_E,>EQ  10-Y/R,LOW  SPEED,NO  PEDESTRIAN,RL  0,acts-1,N,0.056786
MAXMIN|MAXMIN|BOUNDARY,exec-left-turn,N_E,>EQ  10-Y/R,LOW  SPEED,NO  PEDESTRIAN,RL  0,acts-1,N,0.07428100000000004
MAXMIN|MAXMIN|BOUNDARY,exec-left-turn,N_E,>EQ  10-Y/R,LOW  SPEED,NO  PEDESTRIAN,RL  0,acts-1,N,0
MAXMIN|MAXMIN|BOUNDARY,exec-left-turn,N_E,>EQ  10-Y/R,LOW  SPEED,NO  PEDESTRIAN,RL  0,acts-1,N,0
MAXMIN|MAXMIN|BOUNDARY,exec-left-turn,N_E,>EQ  10-Y/R,LOW  SPEED,NO  PEDESTRIAN,RL  0,acts-1,N,0.0036039999999999406
MAXMIN|MAXMIN|BOUNDARY,exec-left-turn,N_E,>EQ  10-Y/R,LOW  SPEED,NO  PEDESTRIAN,RL  0,acts-1,N,0.0697859999999999
MAXMIN|MAXMIN|BOUNDARY,exec-left-turn,N_E,>EQ  10-Y/R,LOW  SPEED,NO  PEDESTRIAN,RL  0,acts-1,N,0.07738800000000001
MAXMIN|MAXMIN|BOUNDARY,exec-left-turn,N_E,>EQ  10-Y/R,LOW  SPEED,NO  PEDESTRIAN,RL  0,acts-5,N,0.08122499999999999
MAXMIN|MAXMIN|BOUNDARY,exec-left-turn,N_E,>EQ  10-Y/R,LOW  SPEED,NO  PEDESTRIAN,RL  0,acts-5,N,0.07222899999999999
MAXMIN|MAXMIN|BOUNDARY,exec-left-turn,N_E,>EQ  10-Y/R,MEDIUM  SPEED,NO  PEDESTRIAN,RL  0,acts-1,Y,0
MAXMIN|MAXMIN|BOUNDARY,exec-left-turn,N_E,>EQ  10-Y/R,MEDIUM  SPEED,NO  PEDESTRIAN,RL  0,acts-1,Y,0.0036439999999999806
MAXMIN|MAXMIN|BOUNDARY,exec-left-turn,N_E,>EQ  10-G,LOW  SPEED,NO  PEDESTRIAN,RL  0,acts-1,Y,0
MAXMIN|MAXMIN|BOUNDARY,exec-left-turn,N_E,>EQ  10-G,LOW  SPEED,NO  PEDESTRIAN,RL  0,acts-1,Y,0
MAXMIN|MAXMIN|BOUNDARY,exec-left-turn,N_E,>EQ  10-G,LOW  SPEED,NO  PEDESTRIAN,RL  0,acts-1,Y,0.00012799999999990597
MAXMIN|MAXMIN|BOUNDARY,exec-left-turn,N_E,>EQ  10-G,LOW  SPEED,NO  PEDESTRIAN,RL  0,acts-1,N,0.056786
MAXMIN|MAXMIN|BOUNDARY,exec-left-turn,N_E,>EQ  10-G,LOW  SPEED,NO  PEDESTRIAN,RL  0,acts-1,N,0.07428100000000004
MAXMIN|MAXMIN|BOUNDARY,exec-left-turn,N_E,>EQ  10-G,LOW  SPEED,NO  PEDESTRIAN,RL  0,acts-1,N,0
MAXMIN|MAXMIN|BOUNDARY,exec-left-turn,N_E,>EQ  10-G,LOW  SPEED,NO  PEDESTRIAN,RL  0,acts-1,N,0
MAXMIN|MAXMIN|BOUNDARY,exec-left-turn,N_E,>EQ  10-G,LOW  SPEED,NO  PEDESTRIAN,RL  0,acts-1,N,0.0036039999999999406
MAXMIN|MAXMIN|BOUNDARY,exec-left-turn,N_E,>EQ  10-G,LOW  SPEED,NO  PEDESTRIAN,RL  0,acts-1,N,0.0697859999999999
MAXMIN|MAXMIN|BOUNDARY,exec-left-turn,N_E,>EQ  10-G,LOW  SPEED,NO  PEDESTRIAN,RL  0,acts-1,N,0.07738800000000001
MAXMIN|MAXMIN|BOUNDARY,exec-left-turn,N_E,>EQ  10-G,LOW  SPEED,NO  PEDESTRIAN,RL  0,acts-5,N,0.08122499999999999
MAXMIN|MAXMIN|BOUNDARY,exec-left-turn,N_E,>EQ  10-G,LOW  SPEED,NO  PEDESTRIAN,RL  0,acts-5,N,0.07222899999999999
MAXMIN|MAXMIN|BOUNDARY,exec-left-turn,N_E,>EQ  10-G,MEDIUM  SPEED,NO  PEDESTRIAN,RL  0,acts-1,Y,0
MAXMIN|MAXMIN|BOUNDARY,exec-left-turn,N_E,>EQ  10-G,MEDIUM  SPEED,NO  PEDESTRIAN,RL  0,acts-1,Y,0.0036439999999999806
MAXMIN|MAXMIN|BOUNDARY,exec-left-turn,W_N,<10-Y/R,LOW  SPEED,NO  PEDESTRIAN,RL  0,acts-1,Y,0.001879000000000075
MAXMIN|MAXMIN|BOUNDARY,exec-left-turn,W_N,<10-Y/R,LOW  SPEED,NO  PEDESTRIAN,RL  0,acts-1,Y,0
MAXMIN|MAXMIN|BOUNDARY,exec-left-turn,W_N,<10-Y/R,LOW  SPEED,NO  PEDESTRIAN,RL  0,acts-4,Y,0
MAXMIN|MAXMIN|BOUNDARY,exec-left-turn,W_N,<10-Y/R,LOW  SPEED,NO  PEDESTRIAN,RL  0,acts-4,Y,0
MAXMIN|MAXMIN|BOUNDARY,exec-left-turn,W_N,<10-Y/R,LOW  SPEED,NO  PEDESTRIAN,RL  0,acts-4,Y,0
MAXMIN|MAXMIN|BOUNDARY,exec-left-turn,W_N,<10-Y/R,LOW  SPEED,NO  PEDESTRIAN,RL  0,acts-4,Y,0
MAXMIN|MAXMIN|BOUNDARY,exec-left-turn,W_N,<10-Y/R,LOW  SPEED,NO  PEDESTRIAN,  RL  >  2,acts-1,N,0.0
MAXMIN|MAXMIN|BOUNDARY,exec-left-turn,W_N,<10-Y/R,LOW  SPEED,NO  PEDESTRIAN,  RL  >  2,acts-1,N,0.02509
MAXMIN|MAXMIN|BOUNDARY,exec-left-turn,W_N,<10-Y/R,LOW  SPEED,NO  PEDESTRIAN,  RL  >  2,acts-1,N,0.017309999999999992
MAXMIN|MAXMIN|BOUNDARY,exec-left-turn,W_N,<10-Y/R,LOW  SPEED,NO  PEDESTRIAN,  RL  >  2,acts-1,N,0.04577400000000004
MAXMIN|MAXMIN|BOUNDARY,exec-left-turn,W_N,<10-Y/R,LOW  SPEED,NO  PEDESTRIAN,  RL  >  2,acts-1,N,0
MAXMIN|MAXMIN|BOUNDARY,exec-left-turn,W_N,<10-Y/R,LOW  SPEED,NO  PEDESTRIAN,  RL  >  2,acts-1,N,0
MAXMIN|MAXMIN|BOUNDARY,exec-left-turn,W_N,<10-Y/R,MEDIUM  SPEED,NO  PEDESTRIAN,RL  0,acts-1,Y,0
MAXMIN|MAXMIN|BOUNDARY,exec-left-turn,W_N,<10-G,LOW  SPEED,NO  PEDESTRIAN,RL  0,acts-1,Y,0.001879000000000075
MAXMIN|MAXMIN|BOUNDARY,exec-left-turn,W_N,<10-G,LOW  SPEED,NO  PEDESTRIAN,RL  0,acts-1,Y,0
MAXMIN|MAXMIN|BOUNDARY,exec-left-turn,W_N,<10-G,LOW  SPEED,NO  PEDESTRIAN,  RL  >  2,acts-1,N,0.0
MAXMIN|MAXMIN|BOUNDARY,exec-left-turn,W_N,<10-G,LOW  SPEED,NO  PEDESTRIAN,  RL  >  2,acts-1,N,0.02509
MAXMIN|MAXMIN|BOUNDARY,exec-left-turn,W_N,<10-G,LOW  SPEED,NO  PEDESTRIAN,  RL  >  2,acts-1,N,0.017309999999999992
MAXMIN|MAXMIN|BOUNDARY,exec-left-turn,W_N,<10-G,LOW  SPEED,NO  PEDESTRIAN,  RL  >  2,acts-1,N,0.04577400000000004
MAXMIN|MAXMIN|BOUNDARY,exec-left-turn,W_N,<10-G,LOW  SPEED,NO  PEDESTRIAN,  RL  >  2,acts-1,N,0
MAXMIN|MAXMIN|BOUNDARY,exec-left-turn,W_N,<10-G,LOW  SPEED,NO  PEDESTRIAN,  RL  >  2,acts-1,N,0
MAXMIN|MAXMIN|BOUNDARY,exec-left-turn,W_N,<10-G,MEDIUM  SPEED,NO  PEDESTRIAN,RL  0,acts-1,Y,0
MAXMIN|MAXMIN|BOUNDARY,exec-left-turn,W_N,>EQ  10-Y/R,LOW  SPEED,NO  PEDESTRIAN,RL  0,acts-1,Y,0.0007049999999999557
MAXMIN|MAXMIN|BOUNDARY,exec-left-turn,W_N,>EQ  10-Y/R,LOW  SPEED,NO  PEDESTRIAN,  RL  <EQ  2,acts-1,N,0.0011590000000000211
MAXMIN|MAXMIN|BOUNDARY,exec-left-turn,W_N,>EQ  10-Y/R,MEDIUM  SPEED,NO  PEDESTRIAN,RL  0,acts-1,Y,0.0009540000000000104
MAXMIN|MAXMIN|BOUNDARY,exec-left-turn,W_N,>EQ  10-Y/R,MEDIUM  SPEED,NO  PEDESTRIAN,RL  0,acts-1,N,0.02092000000000005
MAXMIN|MAXMIN|BOUNDARY,exec-left-turn,W_N,>EQ  10-Y/R,MEDIUM  SPEED,NO  PEDESTRIAN,RL  0,acts-1,N,0.018034999999999912
MAXMIN|MAXMIN|BOUNDARY,exec-left-turn,W_N,>EQ  10-G,LOW  SPEED,NO  PEDESTRIAN,RL  0,acts-1,Y,0.0007049999999999557
MAXMIN|MAXMIN|BOUNDARY,exec-left-turn,W_N,>EQ  10-G,LOW  SPEED,NO  PEDESTRIAN,  RL  <EQ  2,acts-1,N,0.0011590000000000211
MAXMIN|MAXMIN|BOUNDARY,exec-left-turn,W_N,>EQ  10-G,MEDIUM  SPEED,NO  PEDESTRIAN,RL  0,acts-1,Y,0.0009540000000000104
MAXMIN|MAXMIN|BOUNDARY,exec-left-turn,W_N,>EQ  10-G,MEDIUM  SPEED,NO  PEDESTRIAN,RL  0,acts-1,N,0.02092000000000005
MAXMIN|MAXMIN|BOUNDARY,exec-left-turn,W_N,>EQ  10-G,MEDIUM  SPEED,NO  PEDESTRIAN,RL  0,acts-1,N,0.018034999999999912
MAXMIN|MAXMIN|BOUNDARY,exec-left-turn,E_S,<10-Y/R,LOW  SPEED,NO  PEDESTRIAN,RL  0,acts-4,Y,0
MAXMIN|MAXMIN|BOUNDARY,exec-left-turn,E_S,<10-Y/R,LOW  SPEED,NO  PEDESTRIAN,RL  0,acts-4,Y,0.0005110000000000392
MAXMIN|MAXMIN|BOUNDARY,exec-left-turn,E_S,<10-Y/R,LOW  SPEED,NO  PEDESTRIAN,RL  0,acts-4,Y,0
MAXMIN|MAXMIN|BOUNDARY,exec-left-turn,E_S,<10-Y/R,LOW  SPEED,NO  PEDESTRIAN,RL  0,acts-4,Y,0
MAXMIN|MAXMIN|BOUNDARY,exec-left-turn,E_S,<10-Y/R,LOW  SPEED,NO  PEDESTRIAN,RL  0,acts-4,Y,0
MAXMIN|MAXMIN|BOUNDARY,exec-left-turn,E_S,<10-Y/R,LOW  SPEED,NO  PEDESTRIAN,RL  0,acts-4,Y,0
MAXMIN|MAXMIN|BOUNDARY,exec-left-turn,E_S,<10-Y/R,LOW  SPEED,NO  PEDESTRIAN,  RL  <EQ  2,acts-1,N,0
MAXMIN|MAXMIN|BOUNDARY,exec-left-turn,E_S,<10-Y/R,LOW  SPEED,NO  PEDESTRIAN,  RL  <EQ  2,acts-1,Y,0.001817000000000013
MAXMIN|MAXMIN|BOUNDARY,exec-left-turn,E_S,<10-Y/R,LOW  SPEED,NO  PEDESTRIAN,  RL  <EQ  2,acts-1,Y,0.0010899999999999799
MAXMIN|MAXMIN|BOUNDARY,exec-left-turn,E_S,<10-G,LOW  SPEED,NO  PEDESTRIAN,  RL  <EQ  2,acts-1,N,0
MAXMIN|MAXMIN|BOUNDARY,exec-left-turn,E_S,<10-G,LOW  SPEED,NO  PEDESTRIAN,  RL  <EQ  2,acts-1,Y,0.001817000000000013
MAXMIN|MAXMIN|BOUNDARY,exec-left-turn,E_S,<10-G,LOW  SPEED,NO  PEDESTRIAN,  RL  <EQ  2,acts-1,Y,0.0010899999999999799
MAXMIN|MAXMIN|BOUNDARY,exec-left-turn,E_S,>EQ  10-Y/R,LOW  SPEED,PEDESTRIAN,RL  0,acts-2,Y,0
MAXMIN|MAXMIN|BOUNDARY,exec-left-turn,E_S,>EQ  10-Y/R,LOW  SPEED,PEDESTRIAN,RL  0,acts-2,Y,0.00035600000000002296
MAXMIN|MAXMIN|BOUNDARY,exec-left-turn,E_S,>EQ  10-Y/R,LOW  SPEED,NO  PEDESTRIAN,RL  0,acts-1,N,0
MAXMIN|MAXMIN|BOUNDARY,exec-left-turn,E_S,>EQ  10-Y/R,LOW  SPEED,NO  PEDESTRIAN,RL  0,acts-1,Y,1.6999999999933735e-05
MAXMIN|MAXMIN|BOUNDARY,exec-left-turn,E_S,>EQ  10-Y/R,LOW  SPEED,NO  PEDESTRIAN,RL  0,acts-1,Y,1.0000000000065512e-05
MAXMIN|MAXMIN|BOUNDARY,exec-left-turn,E_S,>EQ  10-Y/R,LOW  SPEED,NO  PEDESTRIAN,RL  0,acts-1,N,0
MAXMIN|MAXMIN|BOUNDARY,exec-left-turn,E_S,>EQ  10-Y/R,LOW  SPEED,NO  PEDESTRIAN,RL  0,acts-5,N,0.020665999999999962
MAXMIN|MAXMIN|BOUNDARY,exec-left-turn,E_S,>EQ  10-Y/R,LOW  SPEED,NO  PEDESTRIAN,  RL  <EQ  2,acts-1,Y,0.009186999999999945
MAXMIN|MAXMIN|BOUNDARY,exec-left-turn,E_S,>EQ  10-Y/R,LOW  SPEED,NO  PEDESTRIAN,  RL  <EQ  2,acts-1,Y,0
MAXMIN|MAXMIN|BOUNDARY,exec-left-turn,E_S,>EQ  10-Y/R,MEDIUM  SPEED,PEDESTRIAN,RL  0,acts-2,N,0.0
MAXMIN|MAXMIN|BOUNDARY,exec-left-turn,E_S,>EQ  10-Y/R,MEDIUM  SPEED,PEDESTRIAN,RL  0,acts-2,N,0.0
MAXMIN|MAXMIN|BOUNDARY,exec-left-turn,E_S,>EQ  10-Y/R,MEDIUM  SPEED,NO  PEDESTRIAN,RL  0,acts-1,Y,0.009021999999999974
MAXMIN|MAXMIN|BOUNDARY,exec-left-turn,E_S,>EQ  10-G,LOW  SPEED,PEDESTRIAN,RL  0,acts-2,Y,0
MAXMIN|MAXMIN|BOUNDARY,exec-left-turn,E_S,>EQ  10-G,LOW  SPEED,PEDESTRIAN,RL  0,acts-2,Y,0.00035600000000002296
MAXMIN|MAXMIN|BOUNDARY,exec-left-turn,E_S,>EQ  10-G,LOW  SPEED,NO  PEDESTRIAN,RL  0,acts-1,N,0
MAXMIN|MAXMIN|BOUNDARY,exec-left-turn,E_S,>EQ  10-G,LOW  SPEED,NO  PEDESTRIAN,RL  0,acts-1,Y,1.6999999999933735e-05
MAXMIN|MAXMIN|BOUNDARY,exec-left-turn,E_S,>EQ  10-G,LOW  SPEED,NO  PEDESTRIAN,RL  0,acts-1,Y,1.0000000000065512e-05
MAXMIN|MAXMIN|BOUNDARY,exec-left-turn,E_S,>EQ  10-G,LOW  SPEED,NO  PEDESTRIAN,RL  0,acts-1,N,0
MAXMIN|MAXMIN|BOUNDARY,exec-left-turn,E_S,>EQ  10-G,LOW  SPEED,NO  PEDESTRIAN,RL  0,acts-5,N,0.020665999999999962
MAXMIN|MAXMIN|BOUNDARY,exec-left-turn,E_S,>EQ  10-G,LOW  SPEED,NO  PEDESTRIAN,  RL  <EQ  2,acts-1,Y,0.009186999999999945
MAXMIN|MAXMIN|BOUNDARY,exec-left-turn,E_S,>EQ  10-G,LOW  SPEED,NO  PEDESTRIAN,  RL  <EQ  2,acts-1,Y,0
MAXMIN|MAXMIN|BOUNDARY,exec-left-turn,E_S,>EQ  10-G,MEDIUM  SPEED,PEDESTRIAN,RL  0,acts-2,N,0.0
MAXMIN|MAXMIN|BOUNDARY,exec-left-turn,E_S,>EQ  10-G,MEDIUM  SPEED,PEDESTRIAN,RL  0,acts-2,N,0.0
MAXMIN|MAXMIN|BOUNDARY,exec-left-turn,E_S,>EQ  10-G,MEDIUM  SPEED,NO  PEDESTRIAN,RL  0,acts-1,Y,0.009021999999999974
MAXMIN|MAXMIN|BOUNDARY,OTHER  LANES,W_S,<10-Y/R,LOW  SPEED,NO  PEDESTRIAN,RL  0,acts-6,Y,0.04289799999999999
MAXMIN|MAXMIN|BOUNDARY,OTHER  LANES,W_S,<10-Y/R,LOW  SPEED,NO  PEDESTRIAN,  RL  <EQ  2,acts-6,Y,0.0
MAXMIN|MAXMIN|BOUNDARY,OTHER  LANES,W_S,<10-Y/R,LOW  SPEED,NO  PEDESTRIAN,  RL  <EQ  2,acts-6,N,0
MAXMIN|MAXMIN|BOUNDARY,OTHER  LANES,W_S,<10-Y/R,LOW  SPEED,NO  PEDESTRIAN,  RL  >  2,acts-6,Y,0
MAXMIN|MAXMIN|BOUNDARY,OTHER  LANES,W_S,<10-Y/R,MEDIUM  SPEED,NO  PEDESTRIAN,RL  0,acts-6,Y,0.047032000000000074
MAXMIN|MAXMIN|BOUNDARY,OTHER  LANES,W_S,<10-G,LOW  SPEED,NO  PEDESTRIAN,  RL  <EQ  2,acts-6,Y,0.0
MAXMIN|MAXMIN|BOUNDARY,OTHER  LANES,W_S,<10-G,LOW  SPEED,NO  PEDESTRIAN,  RL  <EQ  2,acts-6,N,0
MAXMIN|MAXMIN|BOUNDARY,OTHER  LANES,W_S,<10-G,LOW  SPEED,NO  PEDESTRIAN,  RL  >  2,acts-6,Y,0
MAXMIN|MAXMIN|BOUNDARY,OTHER  LANES,W_S,>EQ  10-Y/R,LOW  SPEED,PEDESTRIAN,RL  0,acts-7,N,0
MAXMIN|MAXMIN|BOUNDARY,OTHER  LANES,W_S,>EQ  10-Y/R,LOW  SPEED,PEDESTRIAN,RL  0,acts-7,Y,1.0999999999983245e-05
MAXMIN|MAXMIN|BOUNDARY,OTHER  LANES,W_S,>EQ  10-Y/R,LOW  SPEED,PEDESTRIAN,RL  0,acts-7,Y,0
MAXMIN|MAXMIN|BOUNDARY,OTHER  LANES,W_S,>EQ  10-Y/R,LOW  SPEED,NO  PEDESTRIAN,RL  0,acts-6,Y,0.03838799999999998
MAXMIN|MAXMIN|BOUNDARY,OTHER  LANES,W_S,>EQ  10-Y/R,LOW  SPEED,NO  PEDESTRIAN,RL  0,acts-6,Y,0
MAXMIN|MAXMIN|BOUNDARY,OTHER  LANES,W_S,>EQ  10-Y/R,LOW  SPEED,NO  PEDESTRIAN,RL  0,acts-6,N,0.0
MAXMIN|MAXMIN|BOUNDARY,OTHER  LANES,W_S,>EQ  10-Y/R,LOW  SPEED,NO  PEDESTRIAN,RL  0,acts-6,Y,0.023702
MAXMIN|MAXMIN|BOUNDARY,OTHER  LANES,W_S,>EQ  10-Y/R,LOW  SPEED,NO  PEDESTRIAN,RL  0,acts-6,Y,0.041744
MAXMIN|MAXMIN|BOUNDARY,OTHER  LANES,W_S,>EQ  10-Y/R,LOW  SPEED,NO  PEDESTRIAN,RL  0,acts-6,Y,0.045467000000000035
MAXMIN|MAXMIN|BOUNDARY,OTHER  LANES,W_S,>EQ  10-Y/R,LOW  SPEED,NO  PEDESTRIAN,RL  0,acts-6,N,0.03395399999999993
MAXMIN|MAXMIN|BOUNDARY,OTHER  LANES,W_S,>EQ  10-Y/R,LOW  SPEED,NO  PEDESTRIAN,  RL  <EQ  2,acts-6,Y,0.027496999999999994
MAXMIN|MAXMIN|BOUNDARY,OTHER  LANES,W_S,>EQ  10-Y/R,LOW  SPEED,NO  PEDESTRIAN,  RL  <EQ  2,acts-6,N,0.015300999999999898
MAXMIN|MAXMIN|BOUNDARY,OTHER  LANES,W_S,>EQ  10-Y/R,LOW  SPEED,NO  PEDESTRIAN,  RL  <EQ  2,acts-6,Y,0.0
MAXMIN|MAXMIN|BOUNDARY,OTHER  LANES,W_S,>EQ  10-G,LOW  SPEED,PEDESTRIAN,RL  0,acts-7,N,0
MAXMIN|MAXMIN|BOUNDARY,OTHER  LANES,W_S,>EQ  10-G,LOW  SPEED,PEDESTRIAN,RL  0,acts-7,Y,1.0999999999983245e-05
MAXMIN|MAXMIN|BOUNDARY,OTHER  LANES,W_S,>EQ  10-G,LOW  SPEED,PEDESTRIAN,RL  0,acts-7,Y,0
MAXMIN|MAXMIN|BOUNDARY,OTHER  LANES,W_S,>EQ  10-G,LOW  SPEED,NO  PEDESTRIAN,RL  0,acts-6,Y,0.03838799999999998
MAXMIN|MAXMIN|BOUNDARY,OTHER  LANES,W_S,>EQ  10-G,LOW  SPEED,NO  PEDESTRIAN,RL  0,acts-6,Y,0
MAXMIN|MAXMIN|BOUNDARY,OTHER  LANES,W_S,>EQ  10-G,LOW  SPEED,NO  PEDESTRIAN,RL  0,acts-6,N,0.0
MAXMIN|MAXMIN|BOUNDARY,OTHER  LANES,W_S,>EQ  10-G,LOW  SPEED,NO  PEDESTRIAN,RL  0,acts-6,Y,0.023702
MAXMIN|MAXMIN|BOUNDARY,OTHER  LANES,W_S,>EQ  10-G,LOW  SPEED,NO  PEDESTRIAN,RL  0,acts-6,Y,0.041744
MAXMIN|MAXMIN|BOUNDARY,OTHER  LANES,W_S,>EQ  10-G,LOW  SPEED,NO  PEDESTRIAN,RL  0,acts-6,Y,0.045467000000000035
MAXMIN|MAXMIN|BOUNDARY,OTHER  LANES,W_S,>EQ  10-G,LOW  SPEED,NO  PEDESTRIAN,RL  0,acts-6,N,0.03395399999999993
MAXMIN|MAXMIN|BOUNDARY,OTHER  LANES,W_S,>EQ  10-G,LOW  SPEED,NO  PEDESTRIAN,  RL  <EQ  2,acts-6,Y,0.027496999999999994
MAXMIN|MAXMIN|BOUNDARY,OTHER  LANES,W_S,>EQ  10-G,LOW  SPEED,NO  PEDESTRIAN,  RL  <EQ  2,acts-6,N,0.015300999999999898
MAXMIN|MAXMIN|BOUNDARY,OTHER  LANES,W_S,>EQ  10-G,LOW  SPEED,NO  PEDESTRIAN,  RL  <EQ  2,acts-6,Y,0.0
MAXMIN|MAXMIN|BOUNDARY,OTHER  LANES,N_E,>EQ  10-Y/R,LOW  SPEED,NO  PEDESTRIAN,RL  0,acts-1,Y,0
MAXMIN|MAXMIN|BOUNDARY,OTHER  LANES,N_E,>EQ  10-Y/R,LOW  SPEED,NO  PEDESTRIAN,RL  0,acts-1,Y,0.007803999999999922
MAXMIN|MAXMIN|BOUNDARY,OTHER  LANES,N_E,>EQ  10-Y/R,LOW  SPEED,NO  PEDESTRIAN,RL  0,acts-1,Y,0.0022920000000000718
MAXMIN|MAXMIN|BOUNDARY,OTHER  LANES,N_E,>EQ  10-Y/R,LOW  SPEED,NO  PEDESTRIAN,RL  0,acts-1,Y,0.0019209999999999505
MAXMIN|MAXMIN|BOUNDARY,OTHER  LANES,N_E,>EQ  10-G,LOW  SPEED,NO  PEDESTRIAN,RL  0,acts-1,Y,0
MAXMIN|MAXMIN|BOUNDARY,OTHER  LANES,N_E,>EQ  10-G,LOW  SPEED,NO  PEDESTRIAN,RL  0,acts-1,Y,0.007803999999999922
MAXMIN|MAXMIN|BOUNDARY,OTHER  LANES,N_E,>EQ  10-G,LOW  SPEED,NO  PEDESTRIAN,RL  0,acts-1,Y,0.0022920000000000718
MAXMIN|MAXMIN|BOUNDARY,OTHER  LANES,N_E,>EQ  10-G,LOW  SPEED,NO  PEDESTRIAN,RL  0,acts-1,Y,0.0019209999999999505
MAXMIN|MAXMIN|BOUNDARY,OTHER  LANES,W_N,>EQ  10-Y/R,LOW  SPEED,NO  PEDESTRIAN,RL  0,acts-1,Y,0.00034400000000001096
MAXMIN|MAXMIN|BOUNDARY,OTHER  LANES,W_N,>EQ  10-Y/R,LOW  SPEED,NO  PEDESTRIAN,RL  0,acts-1,N,0
MAXMIN|MAXMIN|BOUNDARY,OTHER  LANES,W_N,>EQ  10-Y/R,LOW  SPEED,NO  PEDESTRIAN,RL  0,acts-1,Y,0
MAXMIN|MAXMIN|BOUNDARY,OTHER  LANES,W_N,>EQ  10-G,LOW  SPEED,NO  PEDESTRIAN,RL  0,acts-1,Y,0.00034400000000001096
MAXMIN|MAXMIN|BOUNDARY,OTHER  LANES,W_N,>EQ  10-G,LOW  SPEED,NO  PEDESTRIAN,RL  0,acts-1,N,0
MAXMIN|MAXMIN|BOUNDARY,OTHER  LANES,W_N,>EQ  10-G,LOW  SPEED,NO  PEDESTRIAN,RL  0,acts-1,Y,0
MAXMIN|MAXMIN|BOUNDARY,OTHER  LANES,S_E,>EQ  10-Y/R,LOW  SPEED,PEDESTRIAN,  RL  <EQ  2,acts-7,N,0.04304299999999994
MAXMIN|MAXMIN|BOUNDARY,OTHER  LANES,S_E,>EQ  10-Y/R,LOW  SPEED,PEDESTRIAN,  RL  <EQ  2,acts-7,Y,0
MAXMIN|MAXMIN|BOUNDARY,OTHER  LANES,S_E,>EQ  10-Y/R,LOW  SPEED,NO  PEDESTRIAN,RL  0,acts-6,N,8.099999999999774e-05
MAXMIN|MAXMIN|BOUNDARY,OTHER  LANES,S_E,>EQ  10-Y/R,LOW  SPEED,NO  PEDESTRIAN,RL  0,acts-6,Y,0
MAXMIN|MAXMIN|BOUNDARY,OTHER  LANES,S_E,>EQ  10-Y/R,LOW  SPEED,NO  PEDESTRIAN,RL  0,acts-6,N,0.0036289999999999933
MAXMIN|MAXMIN|BOUNDARY,OTHER  LANES,S_E,>EQ  10-Y/R,LOW  SPEED,NO  PEDESTRIAN,RL  0,acts-6,N,0.025490000000000013
MAXMIN|MAXMIN|BOUNDARY,OTHER  LANES,S_E,>EQ  10-Y/R,LOW  SPEED,NO  PEDESTRIAN,RL  0,acts-6,Y,0
MAXMIN|MAXMIN|BOUNDARY,OTHER  LANES,S_E,>EQ  10-Y/R,LOW  SPEED,NO  PEDESTRIAN,  RL  <EQ  2,acts-6,N,0.0
MAXMIN|MAXMIN|BOUNDARY,OTHER  LANES,S_E,>EQ  10-Y/R,LOW  SPEED,NO  PEDESTRIAN,  RL  <EQ  2,acts-6,N,0
MAXMIN|MAXMIN|BOUNDARY,OTHER  LANES,S_E,>EQ  10-G,LOW  SPEED,PEDESTRIAN,  RL  <EQ  2,acts-7,N,0.04304299999999994
MAXMIN|MAXMIN|BOUNDARY,OTHER  LANES,S_E,>EQ  10-G,LOW  SPEED,PEDESTRIAN,  RL  <EQ  2,acts-7,Y,0
MAXMIN|MAXMIN|BOUNDARY,OTHER  LANES,S_E,>EQ  10-G,LOW  SPEED,NO  PEDESTRIAN,RL  0,acts-6,N,8.099999999999774e-05
MAXMIN|MAXMIN|BOUNDARY,OTHER  LANES,S_E,>EQ  10-G,LOW  SPEED,NO  PEDESTRIAN,RL  0,acts-6,Y,0
MAXMIN|MAXMIN|BOUNDARY,OTHER  LANES,S_E,>EQ  10-G,LOW  SPEED,NO  PEDESTRIAN,RL  0,acts-6,N,0.0036289999999999933
MAXMIN|MAXMIN|BOUNDARY,OTHER  LANES,S_E,>EQ  10-G,LOW  SPEED,NO  PEDESTRIAN,RL  0,acts-6,N,0.025490000000000013
MAXMIN|MAXMIN|BOUNDARY,OTHER  LANES,S_E,>EQ  10-G,LOW  SPEED,NO  PEDESTRIAN,RL  0,acts-6,Y,0
MAXMIN|MAXMIN|BOUNDARY,OTHER  LANES,S_E,>EQ  10-G,LOW  SPEED,NO  PEDESTRIAN,  RL  <EQ  2,acts-6,N,0.0
MAXMIN|MAXMIN|BOUNDARY,OTHER  LANES,S_E,>EQ  10-G,LOW  SPEED,NO  PEDESTRIAN,  RL  <EQ  2,acts-6,N,0
MAXMIN|MAXMIN|BOUNDARY,OTHER  LANES,E_S,<10-Y/R,MEDIUM  SPEED,NO  PEDESTRIAN,  RL  <EQ  2,acts-1,N,0.0003850000000000242
MAXMIN|MAXMIN|BOUNDARY,OTHER  LANES,E_S,<10-G,MEDIUM  SPEED,NO  PEDESTRIAN,  RL  <EQ  2,acts-1,N,0.0003850000000000242
MAXMIN|MAXMIN|BOUNDARY,OTHER  LANES,E_S,>EQ  10-Y/R,LOW  SPEED,PEDESTRIAN,RL  0,acts-1,Y,8.500000000000174e-05
MAXMIN|MAXMIN|BOUNDARY,OTHER  LANES,E_S,>EQ  10-Y/R,LOW  SPEED,PEDESTRIAN,RL  0,acts-1,Y,0.004205999999999932
MAXMIN|MAXMIN|BOUNDARY,OTHER  LANES,E_S,>EQ  10-Y/R,LOW  SPEED,PEDESTRIAN,RL  0,acts-1,Y,0
MAXMIN|MAXMIN|BOUNDARY,OTHER  LANES,E_S,>EQ  10-Y/R,LOW  SPEED,NO  PEDESTRIAN,RL  0,acts-1,Y,0.006825999999999999
MAXMIN|MAXMIN|BOUNDARY,OTHER  LANES,E_S,>EQ  10-Y/R,LOW  SPEED,NO  PEDESTRIAN,RL  0,acts-1,Y,0
MAXMIN|MAXMIN|BOUNDARY,OTHER  LANES,E_S,>EQ  10-Y/R,LOW  SPEED,NO  PEDESTRIAN,  RL  >  2,acts-1,Y,0.01768000000000003
MAXMIN|MAXMIN|BOUNDARY,OTHER  LANES,E_S,>EQ  10-Y/R,MEDIUM  SPEED,PEDESTRIAN,  RL  >  2,acts-1,N,0.01544000000000001
MAXMIN|MAXMIN|BOUNDARY,OTHER  LANES,E_S,>EQ  10-G,LOW  SPEED,PEDESTRIAN,RL  0,acts-1,Y,8.500000000000174e-05
MAXMIN|MAXMIN|BOUNDARY,OTHER  LANES,E_S,>EQ  10-G,LOW  SPEED,PEDESTRIAN,RL  0,acts-1,Y,0.004205999999999932
MAXMIN|MAXMIN|BOUNDARY,OTHER  LANES,E_S,>EQ  10-G,LOW  SPEED,PEDESTRIAN,RL  0,acts-1,Y,0
MAXMIN|MAXMIN|BOUNDARY,OTHER  LANES,E_S,>EQ  10-G,LOW  SPEED,NO  PEDESTRIAN,RL  0,acts-1,Y,0.006825999999999999
MAXMIN|MAXMIN|BOUNDARY,OTHER  LANES,E_S,>EQ  10-G,LOW  SPEED,NO  PEDESTRIAN,RL  0,acts-1,Y,0
MAXMIN|MAXMIN|BOUNDARY,OTHER  LANES,E_S,>EQ  10-G,LOW  SPEED,NO  PEDESTRIAN,  RL  >  2,acts-1,Y,0.01768000000000003
MAXMIN|MAXMIN|BOUNDARY,OTHER  LANES,E_S,>EQ  10-G,MEDIUM  SPEED,PEDESTRIAN,  RL  >  2,acts-1,N,0.01544000000000001
MAXMIN|MAXMIN|BOUNDARY,prep-right-turn,W_S,<10-Y/R,LOW  SPEED,NO  PEDESTRIAN,RL  0,acts-1,N,0.024791999999999925
MAXMIN|MAXMIN|BOUNDARY,prep-right-turn,W_S,<10-Y/R,LOW  SPEED,NO  PEDESTRIAN,  RL  <EQ  2,acts-1,N,0
MAXMIN|MAXMIN|BOUNDARY,prep-right-turn,W_S,<10-G,LOW  SPEED,NO  PEDESTRIAN,  RL  <EQ  2,acts-1,N,0
MAXMIN|MAXMIN|BOUNDARY,prep-right-turn,W_S,>EQ  10-Y/R,LOW  SPEED,PEDESTRIAN,RL  0,acts-7,Y,0
MAXMIN|MAXMIN|BOUNDARY,prep-right-turn,W_S,>EQ  10-Y/R,LOW  SPEED,PEDESTRIAN,RL  0,acts-7,Y,0.001190999999999942
MAXMIN|MAXMIN|BOUNDARY,prep-right-turn,W_S,>EQ  10-Y/R,LOW  SPEED,NO  PEDESTRIAN,RL  0,acts-1,N,0.023880000000000012
MAXMIN|MAXMIN|BOUNDARY,prep-right-turn,W_S,>EQ  10-G,LOW  SPEED,PEDESTRIAN,RL  0,acts-7,Y,0
MAXMIN|MAXMIN|BOUNDARY,prep-right-turn,W_S,>EQ  10-G,LOW  SPEED,PEDESTRIAN,RL  0,acts-7,Y,0.001190999999999942
MAXMIN|MAXMIN|BOUNDARY,prep-right-turn,W_S,>EQ  10-G,LOW  SPEED,NO  PEDESTRIAN,RL  0,acts-1,N,0.023880000000000012
MAXMIN|MAXMIN|BOUNDARY,prep-right-turn,S_E,<10-Y/R,LOW  SPEED,PEDESTRIAN,  RL  <EQ  2,acts-7,N,0.070131
MAXMIN|MAXMIN|BOUNDARY,prep-right-turn,S_E,<10-Y/R,LOW  SPEED,PEDESTRIAN,  RL  <EQ  2,acts-7,Y,0
MAXMIN|MAXMIN|BOUNDARY,prep-right-turn,S_E,<10-G,LOW  SPEED,PEDESTRIAN,  RL  <EQ  2,acts-7,N,0.070131
MAXMIN|MAXMIN|BOUNDARY,prep-right-turn,S_E,<10-G,LOW  SPEED,PEDESTRIAN,  RL  <EQ  2,acts-7,Y,0
MAXMIN|MAXMIN|BOUNDARY,prep-right-turn,S_E,>EQ  10-Y/R,LOW  SPEED,NO  PEDESTRIAN,RL  0,acts-1,Y,0
MAXMIN|MAXMIN|BOUNDARY,prep-right-turn,S_E,>EQ  10-Y/R,LOW  SPEED,NO  PEDESTRIAN,RL  0,acts-1,Y,0
MAXMIN|MAXMIN|BOUNDARY,prep-right-turn,S_E,>EQ  10-Y/R,LOW  SPEED,NO  PEDESTRIAN,  RL  <EQ  2,acts-1,N,0.45871899999999993
MAXMIN|MAXMIN|BOUNDARY,prep-right-turn,S_E,>EQ  10-G,LOW  SPEED,NO  PEDESTRIAN,RL  0,acts-1,Y,0
MAXMIN|MAXMIN|BOUNDARY,prep-right-turn,S_E,>EQ  10-G,LOW  SPEED,NO  PEDESTRIAN,RL  0,acts-1,Y,0
MAXMIN|MAXMIN|BOUNDARY,prep-right-turn,S_E,>EQ  10-G,LOW  SPEED,NO  PEDESTRIAN,  RL  <EQ  2,acts-1,N,0.45871899999999993
MAXMIN|MAXMIN|BOUNDARY,exec-right-turn,W_S,<10-Y/R,LOW  SPEED,NO  PEDESTRIAN,RL  0,acts-1,N,0.001395000000000035
MAXMIN|MAXMIN|BOUNDARY,exec-right-turn,W_S,<10-Y/R,LOW  SPEED,NO  PEDESTRIAN,RL  0,acts-1,N,0
MAXMIN|MAXMIN|BOUNDARY,exec-right-turn,W_S,<10-Y/R,LOW  SPEED,NO  PEDESTRIAN,  RL  <EQ  2,acts-1,N,0.0005319999999999769
MAXMIN|MAXMIN|BOUNDARY,exec-right-turn,W_S,<10-G,LOW  SPEED,NO  PEDESTRIAN,RL  0,acts-1,N,0.001395000000000035
MAXMIN|MAXMIN|BOUNDARY,exec-right-turn,W_S,<10-G,LOW  SPEED,NO  PEDESTRIAN,  RL  <EQ  2,acts-1,N,0.0005319999999999769
MAXMIN|MAXMIN|BOUNDARY,exec-right-turn,W_S,>EQ  10-Y/R,LOW  SPEED,PEDESTRIAN,RL  0,acts-1,Y,8.099999999999774e-05
MAXMIN|MAXMIN|BOUNDARY,exec-right-turn,W_S,>EQ  10-Y/R,LOW  SPEED,PEDESTRIAN,RL  0,acts-1,Y,0
MAXMIN|MAXMIN|BOUNDARY,exec-right-turn,W_S,>EQ  10-Y/R,LOW  SPEED,PEDESTRIAN,RL  0,acts-5,N,0.00045799999999995844
MAXMIN|MAXMIN|BOUNDARY,exec-right-turn,W_S,>EQ  10-Y/R,LOW  SPEED,NO  PEDESTRIAN,RL  0,acts-1,N,0.012298000000000031
MAXMIN|MAXMIN|BOUNDARY,exec-right-turn,W_S,>EQ  10-Y/R,LOW  SPEED,NO  PEDESTRIAN,RL  0,acts-1,N,0.0009359999999999369
MAXMIN|MAXMIN|BOUNDARY,exec-right-turn,W_S,>EQ  10-Y/R,LOW  SPEED,NO  PEDESTRIAN,RL  0,acts-1,N,0.005494999999999917
MAXMIN|MAXMIN|BOUNDARY,exec-right-turn,W_S,>EQ  10-Y/R,LOW  SPEED,NO  PEDESTRIAN,RL  0,acts-1,N,0.0010240000000000249
MAXMIN|MAXMIN|BOUNDARY,exec-right-turn,W_S,>EQ  10-G,LOW  SPEED,PEDESTRIAN,RL  0,acts-1,Y,8.099999999999774e-05
MAXMIN|MAXMIN|BOUNDARY,exec-right-turn,W_S,>EQ  10-G,LOW  SPEED,PEDESTRIAN,RL  0,acts-1,Y,0
MAXMIN|MAXMIN|BOUNDARY,exec-right-turn,W_S,>EQ  10-G,LOW  SPEED,PEDESTRIAN,RL  0,acts-5,N,0.00045799999999995844
MAXMIN|MAXMIN|BOUNDARY,exec-right-turn,W_S,>EQ  10-G,LOW  SPEED,NO  PEDESTRIAN,RL  0,acts-1,N,0.012298000000000031
MAXMIN|MAXMIN|BOUNDARY,exec-right-turn,W_S,>EQ  10-G,LOW  SPEED,NO  PEDESTRIAN,RL  0,acts-1,N,0.0009359999999999369
MAXMIN|MAXMIN|BOUNDARY,exec-right-turn,W_S,>EQ  10-G,LOW  SPEED,NO  PEDESTRIAN,RL  0,acts-1,N,0.005494999999999917
MAXMIN|MAXMIN|BOUNDARY,exec-right-turn,W_S,>EQ  10-G,LOW  SPEED,NO  PEDESTRIAN,RL  0,acts-1,N,0.0010240000000000249
MAXMIN|MAXMIN|BOUNDARY,exec-right-turn,S_E,<10-Y/R,LOW  SPEED,PEDESTRIAN,  RL  <EQ  2,acts-1,Y,0
MAXMIN|MAXMIN|BOUNDARY,exec-right-turn,S_E,<10-Y/R,MEDIUM  SPEED,PEDESTRIAN,RL  0,acts-1,Y,0
MAXMIN|MAXMIN|BOUNDARY,exec-right-turn,S_E,<10-Y/R,MEDIUM  SPEED,NO  PEDESTRIAN,RL  0,acts-1,Y,0.00010100000000001774
MAXMIN|MAXMIN|BOUNDARY,exec-right-turn,S_E,<10-G,LOW  SPEED,PEDESTRIAN,  RL  <EQ  2,acts-1,Y,0
MAXMIN|MAXMIN|BOUNDARY,exec-right-turn,S_E,<10-G,MEDIUM  SPEED,PEDESTRIAN,RL  0,acts-1,Y,0
MAXMIN|MAXMIN|BOUNDARY,exec-right-turn,S_E,>EQ  10-Y/R,LOW  SPEED,NO  PEDESTRIAN,RL  0,acts-1,Y,0.005574000000000079
MAXMIN|MAXMIN|BOUNDARY,exec-right-turn,S_E,>EQ  10-Y/R,LOW  SPEED,NO  PEDESTRIAN,RL  0,acts-1,Y,0
MAXMIN|MAXMIN|BOUNDARY,exec-right-turn,S_E,>EQ  10-Y/R,LOW  SPEED,NO  PEDESTRIAN,RL  0,acts-1,Y,0
MAXMIN|MAXMIN|BOUNDARY,exec-right-turn,S_E,>EQ  10-Y/R,LOW  SPEED,NO  PEDESTRIAN,  RL  <EQ  2,acts-1,Y,0
MAXMIN|MAXMIN|BOUNDARY,exec-right-turn,S_E,>EQ  10-G,LOW  SPEED,NO  PEDESTRIAN,RL  0,acts-1,Y,0.005574000000000079
MAXMIN|MAXMIN|BOUNDARY,exec-right-turn,S_E,>EQ  10-G,LOW  SPEED,NO  PEDESTRIAN,RL  0,acts-1,Y,0
MAXMIN|MAXMIN|BOUNDARY,exec-right-turn,S_E,>EQ  10-G,LOW  SPEED,NO  PEDESTRIAN,RL  0,acts-1,Y,0
MAXMIN|MAXMIN|BOUNDARY,exec-right-turn,S_E,>EQ  10-G,LOW  SPEED,NO  PEDESTRIAN,  RL  <EQ  2,acts-1,Y,0
